sequence,SRR22104214
ACAATGGGCGCAAGCCTGATGCAGCCATGCCGCGTGTATGAAGAAGGCCTTCGGGTTGTAAAGTACTTTCAGCGGGGAGGAAGGGAGTAAAGTTAATACCTTTGCTCATTGACGTTACCC,7327
ACAATGGGGGAAACCCTGATGCAGCAACGCCGCGTGAGTGATGAAGGTTTTCGGATCGTAAAGCTCTGTCTTTGGGGAAGATAATGACGGTACCCAAGGAGGAAGCCACGGCTAACTACG,5647
ACAATGGGCGCAAGCCTGATGCAGCGACGCCGCGTGAGGGATGGAGGCCTTCGGGTTGTAAACCTCTTTTGTTTGGGAGCAAGCCTTCGGGTGAGTGTACCTTTCGAATAAGCGCCGGCT,5085
GCAATGGGGGGAACCCTGACGCAGCGACGCCGCGTGCGGGACGGAGGCCTTCGGGTCGTAAACCGCTTTCAGCAGGGAAGAGTCAAGACTGTACCTGCAGAAGAAGCCCCGGCTAACTAC,4960
ACAATGGGCGCAAGCCTGATGCAGCCATGCCGCGTGTGTGAAGAAGGCCTTCGGGTTGTAAAGCACTTTCAGCGGGGAGGAAGGCGTTAAGGTTAATAACCTTGGCGATTGACGTTACCC,3457
ACAATGGAGGGAACTCTGATGCAGCGACGCCGCGTGAACGAAGAAGGCTTTCGAGTCGTAAAGTTCTTTTATATGGGAAGATAATGACGGTACCATAAGAAAAAGCCCCGGCTAACTACG,2678
ACAATGGGCGCAAGCCTGATGCAGCCATGCCGCGTGTGTGAAGAAGGCCTTCGGGTTGTAAAGCACTTTCAGCGGGGAGGAAGGCGGTGAGGTTAATAACCTCACCGATTGACGTTACCC,2210
ACAATGGAGGGAACTCTGATGCAGCGACGCCGCGTGAACGATGAAGGCTTTCGAGTCGTAAAGTTCTTTTATATGGGAAGATAATGACGGTACCATAAGAAAAAGCCCCGGCTAACTACG,1805
ACAATGGGCGCAAGCCTGATGCAGCCATGCCGCGTGTATGAAGAAGGCCTTCGGGTTGTAAAGTACTTTCAGCGAGGAGGAAGGCGTTAAGGTTAATAACCTTGGCGATTGACGTTACTC,1728
GCAATGGACGAAAGTCTGACGGAGCAACGCCGCGTGAGTGATGACGGCCTTCGGGTTGTAAAGCTCTGTTAATCGGGACGAATGGTTCTTGTGCGAATAGTGCGAGGATTTGACGGTACC,1508
ACAATGGGGGAAACCCTGATGCAGCGACGCCGCGTGATTTAGAAGGCCTTCGGGTTGTAAAAATCTTTTGTATAGGAAGAAAATGACAGTACTATACGAATAAGGTCCGGCTAATTACGT,1496
ACAATGGGCGCAAGCCTGATGCAGCGACGCCGCGTGAGGGATGGAGGCCTTCGGGTTGTAAACCTCTTTTATCGGGGAGCAAGCGAGAGTGAGTTTACCCGTTGAATAAGCACCGGCTAA,1462
ACAATGGGCGCAAGCCTGATGCAGCCATGCCGCGTGTATGAAGAAGGCCTTCGGGTTGTAAAGTACTTTCAGCGGGGAGGAAGGTGTTGAGGTTAATAACCTCAGCAATTGACGTTACCC,1461
GCAATGGACGAAAGTCTGACGGAGCAACGCCGCGTGAGTGATGACGGCCTTCGGGTTGTAAAGCTCTGTTAATCGGGACGAAAGGTCCTCTTGCGAATAGTTAGAGGAATTGACGGTACC,1240
ACAATGGGCGCAAGCCTGATGCAGCCATGCCGCGTGTGTGAAGAAGGCCTTCGGGTTGTAAAGCACTTTCAGCGGGGAGGAAGGCGATAAGGTTAATAACCTTGTCGATTGACGTTACCC,1227
ACAATGGGGGAAACCCTGATGCAGCGACGCCGCGTGATTTAGAAGGCCTTCGGGTTGTAAAAATCTTTTGTATGGGAAGAAAATGACAGTACCATACGAATAAGGACCGGCTAATTACGT,1199
ACAATGGGCGCAAGCCTGATGCAGCCATGCCGCGTGTATGAAGAAGGCCTTAGGGTTGTAAAGTACTTTCAGCGGGGAGGAAGGGAGTAAAGTTAATACCTTTGCTCATTGACGTTACCC,1130
ACAATGGGGGAAACCCTGATCCAGCGACGCCGCGTGAGTGAAGAAGTATTTCGGTATGTAAAGCTCTATCAGCAGGGAAGAAAATGACGGTACCTGACTAAGAAGCCCCGGCTAACTACG,963
ACAATGGGCGCAAGCCTGATGCAGCGACGCCGCGTGAGGGATGACGGCCTTCGGGTTGTAAACCTCTGTTAGCAGGGAAGAAGAGAAATTGACGGTACCTGCAGAGAAAGCGCCGGCTAA,949
GCAATGGACGAAAGTCTGACCGAGCAACGCCGCGTGAGTGAAGAAGGTTTTCGGATCGTAAAACTCTGTTGTTAGAGAAGAACAAGGACGTTAGTAACTGAACGTCCCCTGACGGTATCT,907
ACAATGGGCGCAAGCCTGATGCAGCCATGCCGCGTGTGTGAAGAAGGCCTTCGGGTTGTAAAGCACTTTCAGCGGGGAGGAAGGCGGTGAGGTTAATAACCTCATCGATTGACGTTACCC,901
ACAATGGGCGCAAGCCTGATGCAGCAACGCCGCGTGCGGGATGACGGCCTTCGGGTTGTAAACCGCTTTCAGCAGGGACGAAGCTTTTTGTGACGGTACCTGCAGAAGAAGCACCGGCTA,846
ACAATGGGCGAAAGCCTGATGCAGCGACGCCGCGTGCGGGATGAAGGCCTTCGGGTTGTAAACCGCTTTCAGCAGGGACGAGGCGAAAGTGACGGTACCTGCAGAAGAAGCCCCGGCTAA,726
ACAATGGGGGGAACCCTGATGCAGCGACGCCGCGTGAGCGAAGAAGGTTTTCGAATCGTAAAGCTCTGTCCTATGAGAAGATAATGACGGTATCATAGGAGGAAGCCCCGGCTAAATACG,696
ACAATGGGCGCAAGCCTGATGCAGCCATGCCGCGTGTGTGAAGAAGGCCTTCGGGTTGTAAAGCACTTTCAGCGGGGAGGAAGGCGGTGAGGTTAATAACCTTGGCGATTGACGTTACCC,589
ACAATGGGCGCAAGCCTGATGCAGCCATGCCGCGTGTATGAAGAAGGCCTTCGGGTTGTAAAGTACTTTCAGCGGGGAGGAAGGTGTTGTGGTTAATAACCGCAGCAATTGACGTTACCC,447
GCAATGGACGCAAGTCTGACGGAGCAACGCCGCGTGAGTGAAGAAGGTTTTCGGATCGTAAAACTCTGTTGTTAGAGAAGAACAAGTGCTAGAGTAACTGTTAGCGCCTTGACGGTATCT,389
TCAATGGACGGAAGTCTGAACCAGCCAAGTAGCGTGCAGGATGACGGCCCTATGGGTTGTAAACTGCTTTTGTATGGGGATAAAGTTAGGGACGTGTCCCTATTTGCAGGTACCATACGA,384
GCAATGGACGAAAGTCTGACGGAGCAACGCCGCGTGAGTGATGACGGCCTTCGGGTTGTAAAGCTCTGTTAATCGGGACGAAAGGTCTTCTTGCGAATAGTTAGAAGAATTGACGGTACC,375
ACAATGGGCGAAAGCCTGATGCAGCGACGCCGCGTGAGGGATGGAGGCCTTCGGGTTGTAAACCTCTTTCGCTCATGGTCAAGCCGCAACTGTGGGTTGTGGTGAGGGTAGTGGGTAAAG,306
GCAATGGACGAAAGTCTGACGGAGCAACGCCGCGTGAGTGATGACGGCCTTCGGGTTGTAAAGCTCTGTTAATCGGGACGAAAGGCCTTCTTGCGAATAGTTAGAAGGATTGACGGTACC,264
GCAATGGACGAAAGTCTGACGGAGCAACGCCGCGTGAGTGATGACGGCCTTCGGGTTGTAAAGCTCTGTTAATCGGGATGAATGGTTCTTGTGCGAATAGTGCGAGGATTTGACGGTACC,255
GCAATGGAGGAAACTCTGACGCAGTGACGCCGCGTGCAGGAAGAAGGTTTTCGGATTGTAAACTGCTTTTAACAGGAAAGAAAAAAATGACGGTACCTGTTGAATAAGCTCCGGCTAACT,255
ACAATGGGGGAAACCCTGATGCAGCGACGCCGCGTGAACGAAGAAGGTATTCGTATCGTAAAGTTCTGTCCTATGGGAAGATAATGACAGTACCATAGAAGAAAGCTCCGGCTAAATACG,206
ACAATGGGCGAAAGCCTGATCCAGCCATGCCGCGTGTGTGAAGAAGGTCTTCGGATTGTAAAGCACTTTAAGTTGGGAGGAAGGGCAGTAAGTTAATACCTTGCTGTTTTGACGTTACCA,195
ACAATGGGGGAAACCCTGATGCAGCGACGCCGCGTGATTTAGAAGGCCTTCGGGTTGTAAAAATCTTTTTTATGGGATGAAAATGACAGTACCATAAGAATAAGGTCCGGCTAAATACGT,194
ACAATGGGCGCAAGCCTGATGCAGCCATGCCGCGTGTATGAAGAAGGCCTTCGGGTTGTAAAGTACTTTCAGCGAGGAGGAAGGCATTAAGGTTAATAACCTTGGTGATTGACGTTACTC,188
GCAATGGGCGAAAGCCTGACGGAGCAACGCCGCGTGAGTGAAGAAGGATTTCGGTTCGTAAAGCTCTGTTGTTAGGGAAGAATGATTGTGTAGTAACTATACACAGTAGAGACGGTACCT,181
ACAATGGGCGCAAGCCTGATGCAGCCATGCCGCGTGTATGAAGAAGGCCTTCGGGTTGTAAAGTACTTTCAGCGGGGAGGAAGGCGGTGAGGTTAATAACCTCATCGATTGACGTTACCC,167
GCAATGGGGGCAACCCTGACGCAGCGACGCCGCGTGCGGGACGAAGTCATTCGTGACGTAAACCGCTTTCAGCGAGGAAGAACCATGACGGTACTCGCAGAAGAAGCCCCGGCTAACTAC,165
ACTGGAATTCCCGGTGTAACGGTGGAATGTGTAGATATCGGGAAGAACACCGATGGCGAAGGCAGGTCTCTGGGCCGTCACTGACGCTGAGGAGCGAAAGCGTGGGGAGCGAACAGGATT,145
TCTAGAGTGCAGGAGAGGAGAGTGGAATTCCTAGTGTAGCGGTGAAATGCGTAGAGATTAGGAAGAACACCAGTGGCGAAGGCGACTCTCTGGACTGTAACTGACGCTGAGGCTCGAAAG,129
ACAATGGGCGAAAGCCTGATGCAGCGACGCCGCGTGAGGGATGACGGCCTTCGGGTTGTAAACCTCTTTCGCTCATGGTCAAGCCGCAGCTTTGGGTTGTGGTGAGGGTAGTGGGTAAAG,114
GCAATGGACGCAAGTCTGACGGAGCAACGCCGCGTGAGTGAAGAAGGATTTCGGTTCGTAAAACTCTGTTGTTAGAGAAGAACAGCGCATAGAGTAACTGTTATGCGTGTGACGGTATCT,103
ACAATGGGGGCAACCCTGATCCAGCCATGCCGCGTGTATGAAGAAGGCCTTCGGGTTGTAAAGTACTTTTGTTAGGGAAGAAAAGGGAAGTGCTAATACCACTTTTTGCTGACGGTACCT,103
TCAATGGGCGAGAGCCTGAACCAGCCAAGTAGCGTGCAGGATGACGGCCCTCCGGGTTGTAAACTGCTTTTAGTTGGGAATAAAAAAAGGGACTTGTCCCTTCTTGTATGTACCTTCAGA,99
GCAATGGACGAAAGTCTGACGGAGCAACGCCGCGTGAGTGATGAAGGTCTTCGGATTGTAAAGCTCTGTTAATCGGGACGAAAGAGTTCTGTGTGAATAATGCAGAAAAGTGACGGTACC,90
TCAATGGAGGAAACTCTGAACCAGCCAAGTCGCGTGAAGGATGACGGTCCTATGGATTGTAAACTTCTTTAGTAGGTGAGTAAGGATAGGTACGTGTACCTATTAGAAAGTAGCCTAAGA,89
TCAATGGACGCAAGTCTGAACCAGCCAAGTAGCGTGCAGGATGACGGCCCTCTGGGTTGTAAACTGCTTTTAGTTGGGAATAAAAAAGAGGACGTGTCCTCTATTGTATGTACCTTCAGA,82
ACAATGGAGGGAACTCTGATGCAGCGACGCCGCGTGAGCGAAGAAGTATTTCGGTATGTAAAGCTCTATCAGTAGGGAAGATAATGACGGTACCTACATAAGAAGCCCCGGCTAAATACG,74
ACAATGGGCGCAAGCCTGATGCAGCGACGCCGCGTGAGGGATGAAGGCCTTCGGGTTGTAAACCTCTTTCGTCAGGGAACAAGGCACTGCTTTTTTGGTGGTGTTGAGGGTACCTGGATA,61
TCAATGGACGGAAGTCTGAACCAGCCAAGTAGCGTGCAGGATGACGGCCCTCTGGGTTGTAAACTGCTTTTAGTTGGGAATAAAAAAGAGGACGTGTCCTCTATTGTATGTACCTTCAGA,60
ACAATGGAGGAGACTCTGATCCAGCAATTCTGTGTGCACGAAGACGGTTTTCGGATTGTAAAGTGCTTTCAGCAGGGAAGAAGAAAGTGACGGTACCTGCAGAAGAAGCGACGGCTAAAT,53
ACAATGGGCGAAAGCCTGATGCAGCGACGCCGCGTGAGGGATGGAGGCCTTCGGGTTGTAAACCTCTTTCGCTCATGGTCAAGCCGCAACAGTGGTTGTGGTGAGGGTAGTGGGTAAAGA,52
ACAATGGGCGCAAGCCTGATCCAGCCATGCCGCGTGTGTGAAGAAGGCCTTATGGTTGTAAAGCACTTTAAGCGAGGAGGAGGCTACTTTAGTTAATACCTAGAGATAGTGGACGTTACT,47
GCAATGGACGAAAGTCTGACGGAGCAACGCCGCGTGAGTGATGAAGGTCTTCGGATTGTAAAGCTCTGTTAATCGGGACGAAAGAGTTCTGTGTAAATAATGCAGAAAAGTGACGGTACC,45
ACAATGGGGGAAACCCTGATGCAGCGACGCCGCGTGAGCGATGAAGGTTTTCGAATCGTAAAGCTCTGTCCTATGGGAAGATAATGACGGTACCATAGGAGGAAGCCCCGGCTAACTACG,45
ACAATGGGCGCAAGCCTGATGCAGCGACGCCGCGTGGGGGATGAAGGCCTTCGGGTTGTAAACTCCTTTCAACCATGACGAAGCATTATGTGACGGTAGTGGTAGAAGAAGCACCGGCTA,44
TCAATGGACGAAAGTCTGAACCAGCCAAGTAGCGTGCAGGATGACGGCCCTCCGGGTTGTAAACTGCTTTTAGTTGGGAATAAAAAAGAGGACGTGTCCTCTATTGTATGTACCTTCAGA,42
GCAATGGGCGAAAGCCTGACGGAGCAACGCCGCGTGAGTGATGAAGGTCTTCGGATCGTAAAACTCTGTTATTAGGGAAGAACAAACGTGTAAGTAACTGTGCACGTCTTGACGGTACCT,42
ACAATGGGCGCAAGCCTGATGCAGCGACGCCGCGTGAGGGATGAAGGCCTTCGGGTTGTAAACCTCTTTCGTCAGGGAACAAGGCACTACGTTTTGGTGGTGTTGAGGGTACCTGGATAA,41
GCAATGGGCGAAAGCCTGACGGAGCAACGCCGCGTGAGTGATGAAGGTCTTCGGATCGTAAAACTCTGTTATTAGGGAAGAACAAATGTGTAAGTAACTATGCACGTCTTGACGGTACCT,27
AAGCCTGAAGCTTAACTTCAGTAAGCCATAGAAACCAGGCAGCTAGAGTGCAGGAGAGGATCGTGGAATTCCATGTGTAGCGGTGAAATGCGTAGATATATGGAGGAACACCAGTGGCGA,26
ACAATGGGCGCAAGCCTGATGGAGCAACACCGCGTGAGTGAAGAAGGGTTTCGGCTCGTAAAGCTCTGTTGTTAAAGAAGAACACGTATGAGAGTAACTGTTCATACGTTGACGGTATTT,24
GAGGGTGCAAGCGTTAATCGGAATTACTGGGCGTAAAGCGCACGCAGGCGGTCTGTCAAGTCGGATGTGAAATCCCCGGGCTCAACCTGGGAACTGCATTCGAAACTGGCAGGCTAGAGT,22
ACAATGGGCGAAAGCCTGATGGAGCAACGCCGCGTGTGTGATGAAGGGTTTCGGCTCGTAAAACACTGTTGTAAGAGAAGAATGACATTGAGAGTAACTGTTCAATGTGTGACGGTATCT,21
ACAATGGGCGCAAGCCTGATGCAGCGACGCCGCGTGGGGGATGAAGGCCTTCGGGTTGTAAACTTCTTTTGCTCTGAACAAGGCATGCCAATGGGTGTGTTGAGTGTAGGGGTTGATTAG,21
ACAATGGGGGCAACCCTGATCCAGCAATTCTGTGTGCACGATGAAGGTTTTCGGATTGTAAAGTGCTTTCAGCAGGGAAGAAAAAAATGACGGTACCTGCAGAAGAAGCGACGGCTAAAT,19
ACAATGGGCGAAAGCCTGATCCAGCCATGCCGCGTGTGTGAAGAAGGCCTTTTGGTTGTAAAGCACTTTAAGTGGGGAGGAAAAGCTTATGGTTAATACCCATAAGCCCTGACGTTACCC,18
TCAATGGGCGAGAGCCTGAACCAGCCAAGTAGCGTGCAGGACGACGGCCCTATGGGTTGTAAACTGCTTTTGTATGGGGATAAAGTCAATCACGTGTGATTGTTTGCAGGTACCATACGA,16
TCAATGGGCGAGAGCCTGAACCAGCCAAGTAGCGTGCAGGATGACGGCCCTCCGGGTTGTAAACTGCTTTTAGTTGGGAATAAAAAAAGGGACGTGTCCCTTCTTGTATGTACCTTCAGA,16
TAGGTCCCGAGCGTTGTCCGGATTTATTGGGCGTAAAGCGAGCGCAGGCGGTTAGATAAGTCTGAAGTTAAAGGCTGTGGCTTAACCATAGTACGCTTTGGAAACTGTTTAACTTGAGTG,15
ACAATGGGGGAAACCCTGATGCAGCGACGCCGCGTGGAGGAAGAAGGTCTTCGGATTGTAAACTCCTGTTGTTGAGGAAGATAATGACGGTACTCAACAAGGAAGTGACGGCTAACTACG,13
GACTGGAATTCCCGGTGTAACGGTGGAATGTGTAGATATCGGGAAGAACACCGATGGCGAAGGCAGGTCTCTGGGCCGTCACTGACGCTGAGGAGCGAAAGCGTGGGGAGCGAACAGGAT,13
GCAATGGACGGAAGTCTGACCGAGCAACGCCGCGTGAGTGAAGAAGGTTTTCGGATCGTAAAGCTCTGTCTTTGGGGAAGATAATGACGGTACCCAAGGAGGAAGCCACGGCTAACTACG,13
ACAATGGGGGCAACCCTGATCCAGCAATTCTGTGTGCACGAAGACGGTTTTCGGATTGTAAAGTGCTTTCAGCAGGGAAGAAGGAAGTGACGGTACCTGCAGAAGAAGCGACGGCTAAAT,13
TCAATGGGCGAGAGCCTGAACCAGCCAAGTAGCGTGCAGGATGACGGCCCTATGGGTTGTAAACTGCTTTTGTATGGGGATAAAGTCAGTCACGTGTGATTGTTTGCAGGTACCATACGA,13
ACAATGGGGGAAACCCTGATGCAGCGACGCCGCGTGAGTGAAGAAGTATTTCGGTATGTAAAGCTCTATCAGCAGGGAAGAAAATGACGGTACCTGAGTAAGAAGCCCCGGCTAACTACG,12
