sequence	SRR22104214	taxonomy	confidence
ACAATGGGCGCAAGCCTGATGCAGCCATGCCGCGTGTATGAAGAAGGCCTTCGGGTTGTAAAGTACTTTCAGCGGGGAGGAAGGGAGTAAAGTTAATACCTTTGCTCATTGACGTTACCC	9302	k__Bacteria	0.959402938400976
ACAATGGGGGAAACCCTGATGCAGCAACGCCGCGTGAGTGATGAAGGTTTTCGGATCGTAAAGCTCTGTCTTTGGGGAAGATAATGACGGTACCCAAGGAGGAAGCCACGGCTAACTACG	7059	k__Bacteria	0.96114895488751
ACAATGGGCGCAAGCCTGATGCAGCGACGCCGCGTGAGGGATGGAGGCCTTCGGGTTGTAAACCTCTTTTGTTTGGGAGCAAGCCTTCGGGTGAGTGTACCTTTCGAATAAGCGCCGGCT	6475	Unassigned	0.8439587734499424
GCAATGGGGGGAACCCTGACGCAGCGACGCCGCGTGCGGGACGGAGGCCTTCGGGTCGTAAACCGCTTTCAGCAGGGAAGAGTCAAGACTGTACCTGCAGAAGAAGCCCCGGCTAACTAC	6210	k__Bacteria	0.9071961984252098
ACAATGGGCGCAAGCCTGATGCAGCCATGCCGCGTGTGTGAAGAAGGCCTTCGGGTTGTAAAGCACTTTCAGCGGGGAGGAAGGCGTTAAGGTTAATAACCTTGGCGATTGACGTTACCC	4568	Unassigned	0.9357767403731224
ACAATGGAGGGAACTCTGATGCAGCGACGCCGCGTGAACGAAGAAGGCTTTCGAGTCGTAAAGTTCTTTTATATGGGAAGATAATGACGGTACCATAAGAAAAAGCCCCGGCTAACTACG	3986	k__Bacteria	0.9340440201716684
ACAATGGGCGCAAGCCTGATGCAGCCATGCCGCGTGTGTGAAGAAGGCCTTCGGGTTGTAAAGCACTTTCAGCGGGGAGGAAGGCGGTGAGGTTAATAACCTCACCGATTGACGTTACCC	3001	Unassigned	0.9479145175516288
ACAATGGAGGGAACTCTGATGCAGCGACGCCGCGTGAACGATGAAGGCTTTCGAGTCGTAAAGTTCTTTTATATGGGAAGATAATGACGGTACCATAAGAAAAAGCCCCGGCTAACTACG	2950	k__Bacteria	0.9496119627401676
ACAATGGGCGCAAGCCTGATGCAGCCATGCCGCGTGTATGAAGAAGGCCTTAGGGTTGTAAAGTACTTTCAGCGGGGAGGAAGGGAGTAAAGTTAATACCTTTGCTCATTGACGTTACCC	2390	k__Bacteria	0.9564063650760694
ACAATGGGCGCAAGCCTGATGCAGCCATGCCGCGTGTATGAAGAAGGCCTTCGGGTTGTAAAGTACTTTCAGCGAGGAGGAAGGCGTTAAGGTTAATAACCTTGGCGATTGACGTTACTC	2357	Unassigned	0.9309769728746512
GCAATGGACGAAAGTCTGACGGAGCAACGCCGCGTGAGTGATGACGGCCTTCGGGTTGTAAAGCTCTGTTAATCGGGACGAATGGTTCTTGTGCGAATAGTGCGAGGATTTGACGGTACC	2049	k__Bacteria	0.8652650353971867
ACAATGGGGGAAACCCTGATGCAGCGACGCCGCGTGATTTAGAAGGCCTTCGGGTTGTAAAAATCTTTTGTATAGGAAGAAAATGACAGTACTATACGAATAAGGTCCGGCTAATTACGT	2047	k__Bacteria	0.8585585332788809
ACAATGGGCGCAAGCCTGATGCAGCCATGCCGCGTGTATGAAGAAGGCCTTCGGGTTGTAAAGTACTTTCAGCGGGGAGGAAGGTGTTGAGGTTAATAACCTCAGCAATTGACGTTACCC	2031	Unassigned	0.9471081556690896
ACAATGGGCGCAAGCCTGATGCAGCGACGCCGCGTGAGGGATGGAGGCCTTCGGGTTGTAAACCTCTTTTATCGGGGAGCAAGCGAGAGTGAGTTTACCCGTTGAATAAGCACCGGCTAA	1895	Unassigned	0.8898945898880141
ACAATGGGCGCAAGCCTGATGCAGCCATGCCGCGTGTGTGAAGAAGGCCTTCGGGTTGTAAAGCACTTTCAGCGGGGAGGAAGGCGATAAGGTTAATAACCTTGTCGATTGACGTTACCC	1880	k__Bacteria	0.9552009488580426
ACAATGGGGGAAACCCTGATGCAGCGACGCCGCGTGATTTAGAAGGCCTTCGGGTTGTAAAAATCTTTTGTATGGGAAGAAAATGACAGTACCATACGAATAAGGACCGGCTAATTACGT	1682	k__Bacteria	0.8368028765166869
GCAATGGACGAAAGTCTGACGGAGCAACGCCGCGTGAGTGATGACGGCCTTCGGGTTGTAAAGCTCTGTTAATCGGGACGAAAGGTCCTCTTGCGAATAGTTAGAGGAATTGACGGTACC	1647	k__Bacteria	0.9039706680521606
ACAATGGGGGAAACCCTGATCCAGCGACGCCGCGTGAGTGAAGAAGTATTTCGGTATGTAAAGCTCTATCAGCAGGGAAGAAAATGACGGTACCTGACTAAGAAGCCCCGGCTAACTACG	1233	Unassigned	0.801585546159166
ACAATGGGCGCAAGCCTGATGCAGCGACGCCGCGTGAGGGATGACGGCCTTCGGGTTGTAAACCTCTGTTAGCAGGGAAGAAGAGAAATTGACGGTACCTGCAGAGAAAGCGCCGGCTAA	1233	Unassigned	0.8812224337231258
GCAATGGACGAAAGTCTGACCGAGCAACGCCGCGTGAGTGAAGAAGGTTTTCGGATCGTAAAACTCTGTTGTTAGAGAAGAACAAGGACGTTAGTAACTGAACGTCCCCTGACGGTATCT	1109	k__Bacteria	0.9322247639587666
ACAATGGGCGCAAGCCTGATGCAGCAACGCCGCGTGCGGGATGACGGCCTTCGGGTTGTAAACCGCTTTCAGCAGGGACGAAGCTTTTTGTGACGGTACCTGCAGAAGAAGCACCGGCTA	1106	Unassigned	0.8304697952118553
ACAATGGGCGAAAGCCTGATGCAGCGACGCCGCGTGCGGGATGAAGGCCTTCGGGTTGTAAACCGCTTTCAGCAGGGACGAGGCGAAAGTGACGGTACCTGCAGAAGAAGCCCCGGCTAA	980	k__Bacteria	0.7525515811146716
ACAATGGGGGGAACCCTGATGCAGCGACGCCGCGTGAGCGAAGAAGGTTTTCGAATCGTAAAGCTCTGTCCTATGAGAAGATAATGACGGTATCATAGGAGGAAGCCCCGGCTAAATACG	976	k__Bacteria	0.9018838911014756
ACAATGGGCGCAAGCCTGATGCAGCCATGCCGCGTGTATGAAGAAGGCCTTCGGGTTGTAAAGTACTTTCAGCGGGGAGGAAGGTGTTGTGGTTAATAACCGCAGCAATTGACGTTACCC	688	Unassigned	0.9561260701565342
GCAATGGACGAAAGTCTGACGGAGCAACGCCGCGTGAGTGATGACGGCCTTCGGGTTGTAAAGCTCTGTTAATCGGGACGAAAGGTCTTCTTGCGAATAGTTAGAAGAATTGACGGTACC	546	k__Bacteria	0.882762783567644
GCAATGGACGAAAGTCTGACGGAGCAACGCCGCGTGAGTGATGACGGCCTTCGGGTTGTAAAGCTCTGTTAATCGGGATGAATGGTTCTTGTGCGAATAGTGCGAGGATTTGACGGTACC	534	k__Bacteria	0.929456521546137
GCAATGGACGCAAGTCTGACGGAGCAACGCCGCGTGAGTGAAGAAGGTTTTCGGATCGTAAAACTCTGTTGTTAGAGAAGAACAAGTGCTAGAGTAACTGTTAGCGCCTTGACGGTATCT	489	k__Bacteria	0.9431627746506404
TCAATGGACGGAAGTCTGAACCAGCCAAGTAGCGTGCAGGATGACGGCCCTATGGGTTGTAAACTGCTTTTGTATGGGGATAAAGTTAGGGACGTGTCCCTATTTGCAGGTACCATACGA	482	k__Bacteria	0.937514349574231
ACAATGGGCGAAAGCCTGATGCAGCGACGCCGCGTGAGGGATGGAGGCCTTCGGGTTGTAAACCTCTTTCGCTCATGGTCAAGCCGCAACTGTGGGTTGTGGTGAGGGTAGTGGGTAAAG	417	Unassigned	0.7688756659100173
ACAATGGGCGCAAGCCTGATGCAGCCATGCCGCGTGTATGAAGAAGGCCTTCGGGTTGTAAAGTACTTTCAGCGAGGAGGAAGGCATTAAGGTTAATAACCTTGGTGATTGACGTTACTC	411	k__Bacteria	0.9649910374154363
GCAATGGACGAAAGTCTGACGGAGCAACGCCGCGTGAGTGATGACGGCCTTCGGGTTGTAAAGCTCTGTTAATCGGGACGAAAGGCCTTCTTGCGAATAGTTAGAAGGATTGACGGTACC	392	k__Bacteria	0.8798306198007702
ACAATGGGCGCAAGCCTGATGCAGCCATGCCGCGTGTATGAAGAAGGCCTTCGGGTTGTAAAGTACTTTCAGCGGGGAGGAAGGGAGTAAAGTTAATACCTTTACTCATTGACGTTACCC	379	k__Bacteria	0.9504469409839656
ACTGGAATTCCCGGTGTAACGGTGGAATGTGTAGATATCGGGAAGAACACCGATGGCGAAGGCAGGTCTCTGGGCCGTCACTGACGCTGAGGAGCGAAAGCGTGGGGAGCGAACAGGATT	376	k__Bacteria; p__Actinobacteria; c__Actinobacteria; o__Bifidobacteriales; f__Bifidobacteriaceae; g__Bifidobacterium; s__bifidum	0.7089126245088984
TTAATTATTCCGAAGCACTAAACGCTGCTCTTGCCCTGACCCGCCGCCGTTGGCTGCGGGTTTTTTGCTGGCTGGTTTTTGTCGTATCCCTCACATTATAAATAAAACTCATATCTGACG	337	k__Bacteria	0.9547134599264772
GCAATGGAGGAAACTCTGACGCAGTGACGCCGCGTGCAGGAAGAAGGTTTTCGGATTGTAAACTGCTTTTAACAGGAAAGAAAAAAATGACGGTACCTGTTGAATAAGCTCCGGCTAACT	318	k__Bacteria	0.9577065708621924
ACAATGGGGGAAACCCTGATGCAGCGACGCCGCGTGATTTAGAAGGCCTTCGGGTTGTAAAAATCTTTTTTATGGGATGAAAATGACAGTACCATAAGAATAAGGTCCGGCTAAATACGT	298	k__Bacteria	0.8749087811023984
ACAATGGGGGAAACCCTGATGCAGCGACGCCGCGTGAACGAAGAAGGTATTCGTATCGTAAAGTTCTGTCCTATGGGAAGATAATGACAGTACCATAGAAGAAAGCTCCGGCTAAATACG	281	k__Bacteria	0.8808667764616297
ACAATGGGCGAAAGCCTGATCCAGCCATGCCGCGTGTGTGAAGAAGGTCTTCGGATTGTAAAGCACTTTAAGTTGGGAGGAAGGGCAGTAAGTTAATACCTTGCTGTTTTGACGTTACCA	280	k__Bacteria	0.952370988064855
TCTAGAGTGCAGGAGAGGAGAGTGGAATTCCTAGTGTAGCGGTGAAATGCGTAGAGATTAGGAAGAACACCAGTGGCGAAGGCGACTCTCTGGACTGTAACTGACGCTGAGGCTCGAAAG	279	k__Bacteria; p__Firmicutes; c__Clostridia; o__Clostridiales; f__Clostridiaceae; g__Clostridium	0.9454092511867492
GCAATGGGGGCAACCCTGACGCAGCGACGCCGCGTGCGGGACGAAGTCATTCGTGACGTAAACCGCTTTCAGCGAGGAAGAACCATGACGGTACTCGCAGAAGAAGCCCCGGCTAACTAC	229	k__Bacteria	0.8717726262598798
GCAATGGGCGAAAGCCTGACGGAGCAACGCCGCGTGAGTGAAGAAGGATTTCGGTTCGTAAAGCTCTGTTGTTAGGGAAGAATGATTGTGTAGTAACTATACACAGTAGAGACGGTACCT	223	k__Bacteria	0.968354023335658
ACAATGGGCGAAAGCCTGATGCAGCGACGCCGCGTGAGGGATGACGGCCTTCGGGTTGTAAACCTCTTTCGCTCATGGTCAAGCCGCAGCTTTGGGTTGTGGTGAGGGTAGTGGGTAAAG	184	Unassigned	0.7899164804717078
TCGCACGGGTCATTCTTCAACAGGCAAACATCATCTTGCTTGATGAGCCTTTTAATGCCATTGACGCCACTACTATTGATGACTTGCTTGTGCTGATAAACCGCTGGCATGCTCAGAAAC	173	k__Bacteria	0.9646018662064222
ACAATGGGCGCAAGCCTGATGCAGCCATGCCGCGTGTATGAAGAAGGCCTTCGGGTTGTAAAGTACTTTCAGCGGGGAGGAAGGTGCTGTGGTTAATAACCGCAGCAATTGACGTTACCC	159	Unassigned	0.9445494301059066
TCAATGGGCGAGAGCCTGAACCAGCCAAGTAGCGTGCAGGATGACGGCCCTCCGGGTTGTAAACTGCTTTTAGTTGGGAATAAAAAAAGGGACTTGTCCCTTCTTGTATGTACCTTCAGA	155	k__Bacteria	0.9370670651189842
ACAATGGGGGCAACCCTGATCCAGCCATGCCGCGTGTATGAAGAAGGCCTTCGGGTTGTAAAGTACTTTTGTTAGGGAAGAAAAGGGAAGTGCTAATACCACTTTTTGCTGACGGTACCT	145	k__Bacteria	0.9505132319228724
ACAATGGGCGCAAGCCTGATGCAGCCATGCCGCGTGTATGAAGAAGGCCTTCGGGTTGTAAAGTACTTTCAGCGGGGAGGAAGGTGTTGTGGTTAATAACCACAGCAATTGACGTTACCC	142	k__Bacteria	0.9652014916965116
GCAATGGACGCAAGTCTGACGGAGCAACGCCGCGTGAGTGAAGAAGGATTTCGGTTCGTAAAACTCTGTTGTTAGAGAAGAACAGCGCATAGAGTAACTGTTATGCGTGTGACGGTATCT	133	k__Bacteria	0.9106462902688324
GCAATGGACGAAAGTCTGACGGAGCAACGCCGCGTGAGTGATGAAGGTCTTCGGATTGTAAAGCTCTGTTAATCGGGACGAAAGAGTTCTGTGTGAATAATGCAGAAAAGTGACGGTACC	117	k__Bacteria	0.8849414366592392
TCAATGGAGGAAACTCTGAACCAGCCAAGTCGCGTGAAGGATGACGGTCCTATGGATTGTAAACTTCTTTAGTAGGTGAGTAAGGATAGGTACGTGTACCTATTAGAAAGTAGCCTAAGA	111	k__Bacteria	0.9213043135865556
TCAATGGACGCAAGTCTGAACCAGCCAAGTAGCGTGCAGGATGACGGCCCTCTGGGTTGTAAACTGCTTTTAGTTGGGAATAAAAAAGAGGACGTGTCCTCTATTGTATGTACCTTCAGA	110	k__Bacteria	0.928111927663576
ACAATGGGGGAAACCCTGATGCAGCGACGCCGCGTGAGCGATGAAGGTTTTCGAATCGTAAAGCTCTGTCCTATGGGAAGATAATGACGGTACCATAGGAGGAAGCCCCGGCTAACTACG	102	k__Bacteria	0.9399119714056338
ACAATGGGCGCAAGCCTGATGCAGCCATGCCGCGTGTATGAAGAAGGCCTTCGGGTTGTAAAGTACTTTCAGCGAGGAGGAAGGTGTTGTGGTTAATAACCGCAGCAATTGACGTTACTC	100	Unassigned	0.9622775922606468
CAATGGGGGCAACCCTGACCGAGCAACGCCGCGTGAGTGAAGAAGGTTTTCGGATCGTAAAGCTCTGTTGTAAGTCAAGAACGAGTGTGAGAGTGGAAAGTTCACACTGTGACGGTAGCT	94	k__Bacteria	0.9689476467671096
ACAATGGAGGGAACTCTGATGCAGCGACGCCGCGTGAGCGAAGAAGTATTTCGGTATGTAAAGCTCTATCAGTAGGGAAGATAATGACGGTACCTACATAAGAAGCCCCGGCTAAATACG	91	k__Bacteria	0.9456494284599086
GCAATAAACGAAAGTTTAACTAAGCTATACTAACCCCAGGGTTGGTCAATTTCGTGCCAGCCACCGCGGTCACACGATTAACCCAAGTCAATAGAAGCCGGCGTAAAGAGTGTTTTAGAT	84	k__Bacteria	0.948204637253331
ACAATGGGCGCAAGCCTGATGCAGCCATGCCGCGTGTATGAAGAAGGCCTTCGGGTTGTAAAGTACTTTCAGCGAGGAGGAAGGTGTTGTGGTTAATAACCACAGCAATTGACGTTACTC	83	k__Bacteria	0.97007602558781
CACAATACAGCCCCATCACCACGCCCATGCACACGAGCCATGCATACCGGTAGGCAAGATGCCGCTGTTTCAGCATACCGTCCTGCGGCACGCGCTGCGTCGCGCTGTCGACGAGCGTGA	81	k__Bacteria	0.9396253151440525
ACAATGGGCGAAAGCCTGATGCAGCGACGCCGCGTGAGGGATGGAGGCCTTCGGGTTGTAAACCTCTTTCGCTCATGGTCAAGCCGCAACAGTGGTTGTGGTGAGGGTAGTGGGTAAAGA	80	k__Bacteria	0.8278328346261068
ACAATGGGCGCAAGCCTGATCCAGCCATGCCGCGTGTGTGAAGAAGGCCTTATGGTTGTAAAGCACTTTAAGCGAGGAGGAGGCTACTTTAGTTAATACCTAGAGATAGTGGACGTTACT	77	k__Bacteria	0.961100853501705
GCAATGGACGAAAGTCTGACGGAGCAACGCCGCGTGAGTGATGAAGGTCTTCGGATTGTAAAGCTCTGTTAATCGGGACGAAAGAGTTCTGTGTAAATAATGCAGAAAAGTGACGGTACC	76	k__Bacteria	0.8997876747938167
ACAATGGGGGAAACCCTGATGCAGCGACGCCGCGTGAGTGAAGAAGTATTTCGGTATGTAAAGCTCTATCAGCAGGGAAGAAAATGACGGTACCTGAGTAAGAAGCCCCGGCTAACTACG	75	k__Bacteria	0.81811652513426
ACAATGGGCGCAAGCCTGATGCAGCGACGCCGCGTGAGGGATGAAGGCCTTCGGGTTGTAAACCTCTTTCGTCAGGGAACAAGGCACTGCTTTTTTGGTGGTGTTGAGGGTACCTGGATA	74	Unassigned	0.8671030321683166
ACAATGGAGGAGACTCTGATCCAGCAATTCTGTGTGCACGAAGACGGTTTTCGGATTGTAAAGTGCTTTCAGCAGGGAAGAAGAAAGTGACGGTACCTGCAGAAGAAGCGACGGCTAAAT	72	k__Bacteria	0.9563220010254432
CAATGGACGGAAGTCTGACCGAGCAACGCCGCGTGAGTGAAGAAGGTTTTCGGATCGTAAAGCTCTGTTGTAAGAGAAGAACGAGTGTGAGAGTGGAAAGTTCACACTGTGACGGTATCT	71	k__Bacteria	0.9483916609380784
GCAATGGGCGAAAGCCTGACGGAGCAACGCCGCGTGAGTGATGAAGGTCTTCGGATCGTAAAACTCTGTTATTAGGGAAGAACAAACGTGTAAGTAACTGTGCACGTCTTGACGGTACCT	67	Unassigned	0.919109162002976
ACAATGGGCGCAAGCCTGATGCAGCGACGCCGCGTGGGGGATGAAGGCCTTCGGGTTGTAAACTCCTTTCAACCATGACGAAGCATTATGTGACGGTAGTGGTAGAAGAAGCACCGGCTA	65	k__Bacteria	0.945447498632082
ACAATGGGCGCAAGCCTGATGCAGCGACGCCGCGTGAGGGATGAAGGCCTTCGGGTTGTAAACCTCTTTCGTCAGGGAACAAGGCACTACGTTTTGGTGGTGTTGAGGGTACCTGGATAA	65	Unassigned	0.8514678437278297
GAGGGTGCAAGCGTTAATCGGAATTACTGGGCGTAAAGCGCACGCAGGCGGTCTGTCAAGTCGGATGTGAAATCCCCGGGCTCAACCTGGGAACTGCATTCGAAACTGGCAGGCTAGAGT	55	k__Bacteria; p__Proteobacteria; c__Gammaproteobacteria; o__Enterobacteriales; f__Enterobacteriaceae	0.9999962612535426
TAGGTCCCGAGCGTTGTCCGGATTTATTGGGCGTAAAGCGAGCGCAGGCGGTTAGATAAGTCTGAAGTTAAAGGCTGTGGCTTAACCATAGTACGCTTTGGAAACTGTTTAACTTGAGTG	55	k__Bacteria; p__Firmicutes; c__Bacilli; o__Lactobacillales; f__Streptococcaceae; g__Streptococcus	0.9999999998026649
TCAATGGACGAAAGTCTGAACCAGCCAAGTAGCGTGCAGGATGACGGCCCTCCGGGTTGTAAACTGCTTTTAGTTGGGAATAAAAAAGAGGACGTGTCCTCTATTGTATGTACCTTCAGA	55	k__Bacteria	0.911856521458013
TCAATGGGCGAGAGCCTGAACCAGCCAAGTAGCGTGCAGGACGACGGCCCTATGGGTTGTAAACTGCTTTTGTATGGGGATAAAGTCAATCACGTGTGATTGTTTGCAGGTACCATACGA	54	k__Bacteria	0.9568236874795188
ACCAGGAGGTTGGTCAGCGAGGCGGCGATATCGACCAGTGAATCCACCAGCGCCGCCAGAATACTGACCGAGCCGGTATACCACCAGGCAAAGATTTTGATCAGCAGCAGGCCAGAGGCC	53	k__Bacteria	0.9316623810551796
GCAATGGGCGAAAGCCTGACGGAGCAACGCCGCGTGAGTGATGAAGGTCTTCGGATCGTAAAACTCTGTTATTAGGGAAGAACAAATGTGTAAGTAACTATGCACGTCTTGACGGTACCT	49	k__Bacteria	0.9365199177908068
ACAATGGGGGAAACCCTGATGCAGCAACGCCGCGTGAGTGATGAAGGTTTTCGGATCGTAAAGCTCTGTCTTCAGGGACGATAATGACGGTACCTGAGGAGGAAGCCACGGCTAACTACG	48	k__Bacteria	0.9181363459798236
AAGCCTGAAGCTTAACTTCAGTAAGCCATAGAAACCAGGCAGCTAGAGTGCAGGAGAGGATCGTGGAATTCCATGTGTAGCGGTGAAATGCGTAGATATATGGAGGAACACCAGTGGCGA	47	k__Bacteria; p__Firmicutes; c__Erysipelotrichi; o__Erysipelotrichales; f__Erysipelotrichaceae; g__Clostridium; s__ramosum	0.8984215875857277
ACAATGGGCGCAAGCCTGATGGAGCAACACCGCGTGAGTGAAGAAGGGTTTCGGCTCGTAAAGCTCTGTTGTTAAAGAAGAACACGTATGAGAGTAACTGTTCATACGTTGACGGTATTT	45	k__Bacteria	0.9840784442121422
TAGGGCGCAAGCGTTATCCGGATTTATTGGGCGTAAAGGGCTCGTAGGCGGCTCGTCGCGTCCGGTGTGAAAGTCCATCGCTTAACGGTGGATCTGCGCCGGGTACGGGCGGGCTGGAGT	42	k__Bacteria; p__Actinobacteria; c__Actinobacteria; o__Bifidobacteriales; f__Bifidobacteriaceae; g__Bifidobacterium; s__bifidum	0.9779294009463652
TAGGTGGCGAGCGTTATCCGGATTTACTGGGCGTAAAGGGAGCGTAGGCGGATGATTAAGTGGGATGTGAAATACCCGGGCTCAACTTGGGTGCTGCATTCCAAACTGGTTATCTAGAGT	40	k__Bacteria; p__Firmicutes; c__Clostridia; o__Clostridiales; f__Clostridiaceae; g__Clostridium; s__perfringens	0.9999591076494648
GAGGGTGCAAGCGTTAATCGGAATTACTGGGCGTAAAGCGCACGCAGGCGGTTTGTTAAGTCAGATGTGAAATCCCCGGGCTCAACCTGGGAACTGCATCTGATACTGGCAAGCTTGAGT	39	k__Bacteria; p__Proteobacteria; c__Gammaproteobacteria; o__Enterobacteriales; f__Enterobacteriaceae	0.9999256735844776
ACAATGGGGGCAACCCTGATCCAGCAATTCTGTGTGCACGATGAAGGTTTTCGGATTGTAAAGTGCTTTCAGCAGGGAAGAAAAAAATGACGGTACCTGCAGAAGAAGCGACGGCTAAAT	37	k__Bacteria	0.9539045856490688
TCAATGGGCGAGAGCCTGAACCAGCCAAGTAGCGTGCAGGATGACGGCCCTCCGGGTTGTAAACTGCTTTTAGTTGGGAATAAAAAAAGGGACGTGTCCCTTCTTGTATGTACCTTCAGA	36	k__Bacteria	0.895062833515154
TAGGGGGCTAGCGTTGTCCGGAATCACTGGGCGTAAAGGGTTCGCAGGCGGAAATGCAAGTCAGGTGTAAAAGGCAGTAGCTTAACTACTGTAAGCATTTGAAACTGCATATCTTGAGAA	32	k__Bacteria; p__Firmicutes; c__Clostridia; o__Clostridiales; f__[Tissierellaceae]; g__Peptoniphilus; s__	0.999999999107544
ACAATGGGGGAAACCCTGATGCAGCGACGCCGCGTGGAGGAAGAAGGTCTTCGGATTGTAAACTCCTGTTGTTGAGGAAGATAATGACGGTACTCAACAAGGAAGTGACGGCTAACTACG	30	k__Bacteria	0.9215008663977908
ACAATGGGCGCAAGCCTGATGCAGCGACGCCGCGTGGGGGATGAAGGCCTTCGGGTTGTAAACTTCTTTTGCTCTGAACAAGGCATGCCAATGGGTGTGTTGAGTGTAGGGGTTGATTAG	29	k__Bacteria	0.9544053524011448
GGGGCGAGCGTTATCCGGATTCATTGGGCGTAAAGCGCGCGTAGGCGGCCCGGCAGGCCGGGGGTCGAAGCGGGGGGCTCAACCCCCCGAAGCCCCCGGAACCTCCGCGGCTTGGGTCCG	29	k__Bacteria; p__Actinobacteria; c__Coriobacteriia; o__Coriobacteriales; f__Coriobacteriaceae; g__Collinsella; s__aerofaciens	0.9920106446836828
GCAATAAACGAAAGTTTAACTGAGCTATACTAACTTTAGGGTTGGTTAATTTCATGCCAGCCACCACGGTCATACGATGAACCCAAGCTAATAGAGACTGGCGTAAAGAATGTTTTACAT	27	k__Bacteria	0.9784751493497794
ACAATGGAGGAAACTCTGATGCAGCGACGCCGCGTGAGCGATGAAGGCTTTCGAGTCGTAAAGCTCTGTCCTATGGGAAGATAATGACGGTACCATAGGAGGAAGCCCCGGCTAACTACG	27	k__Bacteria	0.9458778470400364
ACAATGGGCGAAAGCCTGATGGAGCAACGCCGCGTGTGTGATGAAGGGTTTCGGCTCGTAAAACACTGTTGTAAGAGAAGAATGACATTGAGAGTAACTGTTCAATGTGTGACGGTATCT	24	k__Bacteria	0.8980795169495774
ACAATGGGCGAAAGCCTGATCCAGCCATGCCGCGTGTGTGAAGAAGGCCTTTTGGTTGTAAAGCACTTTAAGTGGGGAGGAAAAGCTTATGGTTAATACCCATAAGCCCTGACGTTACCC	24	k__Bacteria	0.9730647386323132
CCTTTGCCATCTGGCTTACGGCGTGGAACGAAGGGCACCAGACATGCGCCGGACATCCGTGCCAGCATCCAGGTTCCGGTCGTGGTCGCAGCCTGCTCAACGGCAAACAACGGGACGAAA	24	k__Bacteria	0.8830700213222852
TGCATCAGATCTCGCATCTGTTGACGCTGATGTTCGGTTAAACTTATGCCGTCAAACATATGGCTTTGGCTGCTGTGCTGCGTTGCGCCCTCTTGCGAGGAACCGTTATCGCCGATGATA	23	k__Bacteria	0.9799073502700776
TAGGTGGCAAGCGTTGTCCGGAATTATTGGGCGTAAAGCGCGCGCAGGCGGATTGGTCAGTCTGTCTTAAAAGTTCGGGGCTTAACCCCGTGATGGGATGGAAACTGCCAATCTAGAGTA	23	k__Bacteria; p__Firmicutes; c__Clostridia; o__Clostridiales; f__Veillonellaceae; g__Veillonella; s__dispar	0.9987894541739296
ACAATGGGGGAAACCCTGATGCAGCGACGCCGCGTGAAGGAAGAAGTATCTCGGTATGTAAACTTCTATCAGCAGGGAAGATAGTGACGGTACCTGACTAAGAAGCCCCGGCTAACTACG	22	k__Bacteria	0.8276721648009201
TAAGGACCGAGCGTTGTCCGGAATCATTGGGCGTAAAGGGTACGTAGGCGGGTCATTAAGTTAGAAGTCAAAGGCTATAGCTCAACTATAGTAAGCTTCTAAAACTGGAGACCTTGAGTA	19	k__Bacteria; p__Firmicutes; c__Clostridia; o__Clostridiales; f__[Tissierellaceae]; g__Anaerococcus; s__	0.9999999996680344
TCAATGGGCGAGAGCCTGAACCAGCCAAGTAGCGTGCAGGATGACGGCCCTATGGGTTGTAAACTGCTTTTGTATGGGGATAAAGTCAGTCACGTGTGATTGTTTGCAGGTACCATACGA	19	k__Bacteria	0.9700604677221218
AGCAGATTAAATTCCGCGGCGCTGCCGGCGGCAAAATAGAGCGCCAGCAGCAGCAGCGACCAGCAGACGGCATCGCGCTTTTGCCGCGAGCGTACCTGCTGGTAATAGCGTTCAAATTCG	18	k__Bacteria	0.9599520039367287
ACAATGGGGGAAACCCTGATGCAGCAATGCCGCGTGAGTGATGACGGCCTTCGGGTTGTAAAGCTCTGTCTTCGGGGACGATAATGACGGTACCCGAGGAGGAAGCCACGGCTAACTACG	18	k__Bacteria	0.9003709184820028
TAGGTCCCGAGCGTTGTCCGGATTTATTGGGCGTAAAGCGAGCGCAGGCGGTTTGATAAGTCTGAAGTTAAAGGCTGTGGCTCAACCATAGTTCGCTTTGGAAACTGTCAAACTTGAGTG	18	k__Bacteria; p__Firmicutes; c__Bacilli; o__Lactobacillales; f__Streptococcaceae; g__Streptococcus; s__	0.9998812713740832
GCCGGCTAACTACGTGCCAGCAGCCGCGGTAATACGTAGGGCGCAAGCGTTATCCGGATTTATTGGGCGTAAAGGGCTCGTAGGCGGCTCGTCGCGTCCGGTGTGAAAGTCCATCGCTTA	17	k__Bacteria; p__Actinobacteria; c__Actinobacteria; o__Bifidobacteriales; f__Bifidobacteriaceae; g__Bifidobacterium; s__bifidum	0.9998151973311687
TACTGGGCGTAAAGCGCACGCAGGCGGTCTGTCAAGTCGGATGTGAAATCCCCGGGCTCAACCTGGGAACTGCATTCGAAACTGGCAGGCTAGAGTCTTGTAGAGGGGGGTAGAATTCCA	17	k__Bacteria; p__Proteobacteria; c__Gammaproteobacteria; o__Enterobacteriales; f__Enterobacteriaceae	0.9999999405834548
ACAATGGGGGCAACCCTGATCCAGCAATTCTGTGTGCACGAAGACGGTTTTCGGATTGTAAAGTGCTTTCAGCAGGGAAGAAGGAAGTGACGGTACCTGCAGAAGAAGCGACGGCTAAAT	17	k__Bacteria	0.9374464209304056
ACAATGGGCGAAAGCCTGATGCAGCGACGCCGCGTGGGGGATGAAGGCCTTCGGGTTGTAAACTTCTTTTGCTCTGAACAAGGCGCACCGTGGGGTGTGTTGAGTGTAGGGGTTGATTAG	17	k__Bacteria	0.9154584658648108
GCAATGGGCGAAAGCCTGACGGAGCAACGCCGCGTGAGTGATGAAGGTCTTCGGATCGTAAAACTCTGTTATTAGGGAAGAACATATGTGTAAGTAACTGTGCACATCTTGACGGTACCT	17	k__Bacteria	0.9496922181680336
GCAATGGACGAAAGTCTGACGGAGCAACGCCGCGTGAGTGAAGAAGGCCTTCGGGTTGTAAAGCTCTGTTATTCGGGAAGAACGATTCGTTTGTGAACAATGAACGGAAGTGACGGTACC	16	k__Bacteria	0.9410184885749452
TCAATGGGCGAGAGCCTGAACCAGCCAAGTAGCGTGCAGGATGACGGCCCTATGGGTTGTAAACTGCTTTTATGTGGGGATAAAGTGAGCTACGTGTAGTTTATTGCAGGTACCACATGA	16	k__Bacteria	0.9739298410059842
ACTTGAAGCATTTAACCCTGGTTCTTCTGTAAAAGACCGTATTGCTCTTAGCATGATTGAAAAAGCTGAACAAGACGGTATTCTGAAACCTGGTTCTACTATTGTTGAAGCAACAAGTGG	15	k__Bacteria	0.945176344000805
ATGATGGACCGGGGATCGCACCCGATAAAATCGATCACATTTTTGACAAAGGTGTCTCGACAAAAGGAAGCGAGCGAGGCGTCGGTTTAGCACTTGTCAAACAACAGGTAGAAAATCTCG	15	k__Bacteria	0.8673758284781926
ACAATGGGGGGAACCCTGATCCAGCCATGCCGCGTGTGTGAAGAAGGCCTTATGGTTGTAAAGCACTTTAAGCGAGGAGGAGGGTACTGGTATTAATACTACCAGGTACTGGACGTTACT	14	Unassigned	0.8687333123868666
GACGATTATGCCGCATGTGATTTATTTGCACTCTTCGCTCACTCAACATTTACATGGCGGTTCTCGTCAACAACGTTATTCCGCCACCAAATGGGATGTGGCTATCGCCATGACTATTGC	14	k__Bacteria	0.9604158705350214
GCAATGGGGGAAACCCTGACCGAGCAACGCCGCGTGAGCGAAGAAGGCCTTCGGGTCGTAAAGCTCTGTTGTAAAGGAAGAACGGCGCATACAGGAAATGGTATGCGAGTGACGGTACTT	14	k__Bacteria	0.9436964833306014
GCAATAAACGAAAGTTTAACTAAGCTATACTAACCCTAGGGTTCGTCAAGTTCGTGCCAGCCACCGCGGTCACACGATTAACCCAAGTCAATAGAAACCGGCGTAAAGAGTGTTTTAGAT	14	k__Bacteria	0.9394980258326736
GCAATGGGGGAAACCCTGACGCAGCAACGCCGCGTGAAGGATGAAGGTCTTCGGATTGTAAACTTCTTTTATTAAGGACGAAGAAAGTGACGGTACTTAATGAATAAGCTCCGGCTAACT	13	k__Bacteria	0.9199252652143128
TAGGGTGCGAGCGTTGTCCGGATTTATTGGGCGTAAAGGGCTCGTAGGCGGTTGATCGCGTCGGAAGTGGAAACTTGATGCTTAACGTTGAGCGTGCTTTCGATACGGGTTGACTTGAGG	12	k__Bacteria; p__Actinobacteria; c__Actinobacteria; o__Actinomycetales; f__Propionibacteriaceae; g__Propionibacterium; s__granulosum	0.9999963039577672
TAGGTGGCAAGCGTTGTCCGGATTTATTGGGCGTAAAGCGAGCGCAGGCGGTTTCTTAAGTCTGATGTGAAAGCCCCCGGCTCAACCGGGGAGGGTCATTGGAAACTGGGAGACTTGAGT	12	k__Bacteria; p__Firmicutes; c__Bacilli; o__Lactobacillales; f__Enterococcaceae; g__Enterococcus	0.862316781520611
CAGGACGTCATGCTGGGAGCGGTGGAACGCCGTTTCGGCAACGAGCTTCCGGCGTCTCCAGTAGAGTGGCTGACGGATAATGGTTCATGCTACCGGGCTAATGAAACACGGCAGTTTGCC	11	Unassigned	0.840102671035483
TATGGGGCGAGCGTTGTCCGGAATTATTGGGCGTAAAGGGTACGTAGGCGGTTTTTTAAGTCAGGTGTGAAAACGTGAGGCTTAACCTCATTAAGCACTTGAAACTGGAAGACTTGAGTG	10	k__Bacteria; p__Firmicutes; c__Clostridia; o__Clostridiales; f__[Tissierellaceae]; g__Parvimonas; s__	0.9999997908762672
TCAATGGGCGAGAGCCTGAACCAGCCAAGTAGCGTGCAGGAAGACGGCCCTATGGGTTGTAAACTGCTTTTATAGGGGAATAAAGTGATCTACGTGTAGTTTATTGTATGTACCCTATGA	10	k__Bacteria	0.9300841866501736
TCAATGGGCGAGAGCCTGAACCAGCCAAGTCGCGTGAAGGATGACTGTCTTATGGATTGTAAACTTCTTTTATACGGGAATAACAAGAGCCACGTGTGGCTCCCTGCATGTACCGTATGA	9	k__Bacteria	0.8634165696622417
TCAATGGGCGATGGCCTGAACCAGCCAAGTAGCGTGAAGGATGACTGCCCTATGGGTTGTAAACTTCTTTTATAAAGGAATAAAGTCGGGTATGCATACCCGTTTGCATGTACTTTATGA	8	k__Bacteria	0.9287791254495066
CGGGATGCTGTCGCATGGATTGTGTGAAAGTCAGACCCCATGAGGTTCAAAATCCAGGCACTGGTTTTGGCATTTCAAAGCTTGACAATGACTTTGGAGCAGGCTGCCTATAGCGGCAGG	8	k__Bacteria	0.9806409012202248
GAAGGTCCAGGCGTTATCCGGATTTATTGGGTTTACAGGGAGCGTAGGCTGGAGATTAAGTGTGTTGTGAAATGTAGACGCTCAACGTCTGAATTGCAGCGCATACTGGTTTCCTTGAGT	8	k__Bacteria; p__Bacteroidetes; c__Bacteroidia; o__Bacteroidales; f__Prevotellaceae; g__Prevotella; s__melaninogenica	0.999997372158759
ACAATGGGCGAAAGCCTGATGCAGCAACGCCGCGTGAGCGATGAAGGCCTTCGGGTCGTAAAGCTCTGTCCTCAAGGAAGATAATGACGGTACTTGAGGAGGAAGCCCCGGCTAACTACG	8	k__Bacteria	0.9305108172987994
TGACTGTGCCTGGGAAGGTTAGCGGGAAGCCCGAGAGTAGCCCTGAAGGCCAAATAAGAATTCTCTTTGAAAGGGAGATCTTTCAAAGGAGAGAAGCTAGTCTAACTTTTTGGCATCTTT	7	k__Bacteria	0.9484030536189472
TCAGGTAATCAATGACAAACGGACAGCGCTTCTGGTAGGCCTGAATCACGAAGCCAATCCCGTTCCAGCCGGCCAGTTCCGGCTCGAAGCACAGTTTTTCCAGCAGGTCGAGGGAGATCT	7	Unassigned	0.8009501896108066
TGGTGTCATCGCCACGGCAGGGCACCGTACGTGGTGGGTTGCCCTGGCTGCGATCAGCCTGTGCATGGGACTGCTGGCCCTCCTGCGTGGACACGTTGCGGTGACGATCGTGGCGCTCGT	7	k__Bacteria	0.9350376082336168
CGTGGAATTCCATGTGTAGCGGTGAAATGCGTAGATATATGGAGGAACACCAGTGGCGAAGGCGACGGTCTGGGCCGCAACTGACGCTCATTCCCGAAAGCGTGGGGAGCAAATAGGATT	7	k__Bacteria; p__Firmicutes; c__Erysipelotrichi; o__Erysipelotrichales; f__Erysipelotrichaceae; g__Catenibacterium; s__	0.8384078404183775
ACAATGGGCGAAAGCCTGATGCAGCAACGCCGCGTGAAGGATGAAGGCCTTCGGGTTGTAAACTTCTGTTCTAAGGGAAGAAACAAATGACGGTACCTTAGGAGCAAGCCCCGGCTAACT	7	k__Bacteria	0.8952526406366091
ACAATGGGCGCAAGCCTGATGCAGCGACGCCGCGTGAGGGATGGAGGCCTTCGGGTGAGTGTACCTTTCGAATAAGCGCCGGCTAACTACGTGCCAGCAGCCGCGGTAATACGTAGGGCG	7	k__Bacteria	0.9302506236192184
AAAGCCGAAATTGAAAAAATGGGGCTGCCTATCCTGACGGAAGGAAAGGAAAAAGCGCCGCGTCCAGCTCCCGCACCGCAGGCTCCAGCGCAAAATACAACGCCGGTCACAAAAACGCGT	6	k__Bacteria	0.8697962362054836
GCAATGGGCGAAAGCCTGACGGAGCAACGCCGCGTGAGTGATGAAGGTCTTCGAATAAGCGCCGGCTAACTACGTGCCAGCAGCCGCGGTAATACGTAGGGCGCAAGCGTTATCCGGATT	6	k__Bacteria; p__Actinobacteria; c__Actinobacteria; o__Actinomycetales	0.7642489836018492
ACAATGGGCGCAAGCCTGATCCAGCCATACCGCGTGGGTGAAGAAGGCCTTCGGGTTGTAAAGCCCTTTTGTTGGGAAAGAAATCCAGCTGGCTAATACCCGGTTGGGATGACGGTACCC	5	Unassigned	0.90177943921525
ACACATTATTACATTACCGTTTAAAGATTTATTTGTATTTATTGGTGGCGGTGGAGCTACTATTGGTCTTGCGATTTGTCTCTTCCTATTTAGTAAGAGTCGTGCGAATAAAACATTAGG	5	k__Bacteria	0.9699697890069074
TGCTGTGCCAGACCAGAAATGGCCACTAAGATCTGTTCTTCCAAAACACAGACCCCCCTTCTCCAGCACTGTCTCCATATGCTGGGATTAGGAGCTGGGTTCTGTACATGGATTTTCCCC	4	Unassigned	0.9059421427960028
GTGACAACAGGGACATCGCCAGTCCACAGGAGTGGCAGGGGAACGGTCAATGACCGCACGGCAGACATGAAGAAGTCCTCAGCTGGTCCTTCGTCGACAGCTGAGGGATATGGTGGGCGA	4	k__Bacteria	0.8616585579399698
CATGAATAACTTCTTCAATAAGCTGGGCTTTGCGTCCAATACCAGCCAGCCGCAGGTCTGGCAGGGACAGGCTGCGGGTTACGCCTCCGGCGGTTCGCTGTATGCCAGAACGCAGGTGAA	4	Unassigned	0.9008758269032584
AAGTCCATCGCTTAACGGTGGATCTGCGCCGGGTACGGGCGGGCTGGAGTGCGGTAGGGGAGACTGGAATTCCCGGTGTAACGGTGGAATGTGTAGATATCGGGAAGAACACCGATGGCG	4	k__Bacteria; p__Actinobacteria; c__Actinobacteria; o__Bifidobacteriales; f__Bifidobacteriaceae; g__Bifidobacterium	0.96642766686609
CGGATCAGCAGCATAAAATACCCGGCGGCAAAACCGGCGATGATCCCACCGAGGAATCCGGCGCCGGTGGCGTTCGCCAGCAGACCGCCGACAAAACCGGCAACCATGCCAGGGCGGCCA	4	Unassigned	0.7938214618509952
GCTACGGGCGCTTAGCGCCGTTGCGGGGTCGGATACTACGGACTTCCTACCCCGCTGTCTAGTGCCTTTTTAAAGAAAATTATCGTTTGCTCATGCTTTGTTCGTTTTGACGGTTATTCA	4	k__Bacteria	0.9186980092581192
CCCATGGCTTCCATATACTGCTGGGTACCCGCATATCCGGTGATTTTGCCCCAGCCTGCCACGATAAACAGAATTGGCATCAGAATACGCGCGACCAGTACACCAACATCTTCTAATTTT	4	k__Bacteria	0.917592929979514
GCAGCTTTCTCACAACTATTCTAGAAAGCACTTGCCTCAAGTAAATGCTTTTTTTAAAAGCATATGTAATCTTAAATACGATTTTTGTTTCATCATGGAACAAGATGTGTTAGTTCCAGC	4	k__Bacteria	0.8663840478507155
AGCGCGGCGTCAGCGGCCCTCCCTCCACTTTTTCGTCCTTCGCAAGAAGGACGCTCCGCCCGCCGGAGGAAACACGCGCACCACTCAGCACAGGGAATCAAGCGAGTCGCGTATGGACAA	4	k__Bacteria	0.9615136700306536
CCATCGCTTCCGAACCGACAGCAAAACCGCCAATCGAGGCCAGACTTTTACTGAAGGTGCCAACGATAATATCCACATCATCTTCAACGCCAACGGCTTCAGCCAGTCCGCGCCCCGTTG	4	k__Bacteria	0.91273591063062
GCTGGAGTGCGGTAGGGGAGACTGGAATTCCCGGTGTAACGGTGGAATGTGTAGATATCGGGAAGAACACCGATGGCGAAGGCAGGTCTCTGGGCCGTCACTGACGCTGAGGAGCGAAAG	4	k__Bacteria; p__Actinobacteria; c__Actinobacteria; o__Bifidobacteriales; f__Bifidobacteriaceae; g__Bifidobacterium; s__bifidum	0.7126952794282989
TCAATGGAGGAAACTCTGAACCAGCCAAGTCGCGTGAAGGAAGAATGTCCTAAGGATTGTAAACTTCTTTAGCGAGCGAGTAAGGACTTCCACGCGTTGGGAGTTTGAAAGTAGCTCGAG	4	k__Bacteria	0.9373390380704424
AAACTTCCGGCTCAACCGGGGGCTTGCGGTGGGTACGGGCCGGCTAGAGTGCGGTAGGGGTAACTGGAACTCCTGGTGTAGCGGTGGAATGCGCAGATATCAGGAAGAACACCGATGGCG	3	k__Bacteria; p__Actinobacteria; c__Actinobacteria; o__Actinomycetales; f__Actinomycetaceae; g__Actinomyces; s__	0.9993135438177594
TCCTCTTTACCGCTCACCACCCAACCGCCGTTTTCGGCGACGAAGGCGATTTCATCGACCAGCTCGGGGAAGAACGATATCAGCTGGTAATACTGGTTGCCGCTGGCGACCACGAAGCGA	3	k__Bacteria	0.939918452374169
ACAATGGGCGAAAGCCTGATCCAGCAATGCCGCGTGAGTGATGAAGGCCTTAGGGTTGTAAAGCTCTTTTACCCGGGATGATAATGACAGTACCGGGAGAATAAGCTCCGGCTAACTCCG	3	Unassigned	0.8449641255901037
TATGGTGCAAGCGTTATCCGGATTTACTGGGTGTAAAGGGAGCGCAGGCGGTACGGCAAGTCTGATGTGAAAGCCCGGGGCTCAACCCCGGTACTGCATTGGAAACTGTCGGACTAGAGT	3	k__Bacteria; p__Firmicutes; c__Clostridia; o__Clostridiales; f__Lachnospiraceae; g__Roseburia; s__	0.9450411303242492
TACGCGAGGCCCAGCTTGGAGAAAATCGGGGGGACAGGAGCATAGGATTGCATATTCGCTTCAGAATTTGTAGCCATGTATTCACTATATGAGCGTAATGCGACGAATGCGACACGAACA	3	k__Bacteria	0.9388230143845936
TCGCCGCATGGCAGAAAATCACCGCGGGCGTTCACGCTGAAGACGGTCGCATTGCGGTCCAGCTGTGGCATACCGGTCGTATCTCCCACAGCAGCATTCAGCCTGGCGGTCAGGCGCCGG	3	Unassigned	0.8728960142264103
GTTCCCTACGACTACGGCTATTTCGCCTTCGTCTATGACAAAAACAAACTGGCTAATCCACCGAAGAGCCTGAAAGAGCTGGTCGAGGGCCCGCAAAAATGGCGGGTCATCTATGAAGAT	3	k__Bacteria	0.9247128290781568
CCCGAGGCAGGCTCCGTTCACGACGGATCCCACGTCGGCGAGCGTGATATCCGTCGGCTGGGGCGACAGGGCGAGCGTATGCTGTGCGACGTTGCCGGCGTCGGTGATGACCACGATCAG	3	k__Bacteria	0.9163856047978124
CTGGGCGTAAAGGGTTCGCAGGCGGAAATGCAAGTCAGGTGTAAAAGGCAGTAGCTTAACTACTGTAAGCATTTGAAACTGCATATCTTGAGAAGAGTAGAGGTAAGTGGAATTTTTAGT	3	k__Bacteria; p__Firmicutes; c__Clostridia; o__Clostridiales; f__[Tissierellaceae]; g__Peptoniphilus; s__	0.999999999959968
ACAATGGGGGAAACCCTGATGCAGCCATGCCGCGTGTGTGAAGAAGGCCTTCGGGTTGTAAAGCACTTTCAGCGAGGAGGAAAGGTTGATGCCTAATACGTATCAACTGTGACGTTACTC	3	k__Bacteria	0.965653418075169
ACAATGGGCGCAAGCCTGATGCAGCAACGCCGCGTGAACGATGAAGGTCTTCGGATCGTAAAGTTCTGTTGCAGGGGAAGATAATGACGGTACCCTGTGAGGAAGCCCCGGCTAACTACG	3	k__Bacteria	0.9430953157547068
GGAACCTGAGACATGGTGTTAATAAATTTGTTGCTGACAACGTACAGCTTGTCCAGACGGCCTTCATCATAGGCCTGCAACATCACTTTTACCGGGCCGATCAGTTCGGACAGGGATGGG	2	Unassigned	0.8925858918339376
CGATGCAGACGCAGCTGGTAACCCCGTCTAACGATCCGGGTCAGGTCGCGCCTGTTGAACCCGCACCCGTTCAGGATGAACAGGAGCAGGCCGCAGCGCCGTCTGAGCCGCAAACCCAGC	2	Unassigned	0.9317465169334374
CCAAGGGCGATAAGCTCGTCGCGGCTGATGGTCTGCTTCATCCCGCCCATCGACAAGACTTTCACCAGCACCTCGGCGGACTTCTCGGCGGTATCGATCAGGCCGAAGGTCTCATCCAGC	2	k__Bacteria	0.874937929382129
GTTCCAATGGCCCATCTACGCTAGTCCTGCTGTGGTGCGCTCCCTCCTCTATCACCGTATGGCGAGTGCCGAGCTATCGGCCTATATGAAGCGAATGGAGGTGGGCGATGAGGTGGCGAT	2	k__Bacteria	0.9344923904316688
ATTAATCAGCGGCGGTTTATCCCACCATCCTGGCGCATAGCCCCAGTAAACGGCATCGAGATGGAGTTGCTCATCGCGTTCATTGAGGAGTAAAACTTTTGTCCCGGGCGCGACGTTATA	2	Unassigned	0.8864802128186517
CTTATATACCATTGGTGTAAATTAGTTCAGCCACTGTGTAGAGCAGTTTAGAGATTTCCAAAAAAAACAGAATTGGACTACCACTTGATTCAGTCATCCCACTACTGGGTATATACCCAA	2	k__Bacteria	0.983919060391215
CAAGAGCCGTTAATCTGCCGCTGCATCTGCGTGACGGTATCTGGCAGGCCGATATCCATGACACAGAACTGCTGCAATCTGCCACCTTTGTGCTGGCCGTGGCGGCAAACATGCCGGTCG	2	k__Bacteria	0.9370526531723624
CCCACTGACTTCAGCGCCATCCACTTCGACATCATCAGCGAAACGATAGAACCACCGAAGCCGAACAGCAGGGCCATAATCAGAAGACCGGTCATGCTGCTGGATTAGATACCCCAGTAG	2	k__Bacteria	0.9176294001868288
CCGCGTGAGTGAAGAAGGTTTTCGGATCGTAAAGCTCTGTTGTAAGAGAAGAACGAGTGTGAGAGTGGCAAGTTCACGCTGTGACGGTATCTTACCAGAAAGGGACGGCTAACTACGTGC	2	k__Bacteria	0.9302234771851904
ACAATGGGGGAAACCCTGATGGTGCGACGCCGCGTGGGGGAATGAAGGTCTTCGGATTGTAAACCCCTGTCATGTGGGAGCAAATTAAAAAGATAGTACCACAAGAGGAAGAGACGGCTA	2	k__Bacteria	0.9635249949802838
